volume,open,high,low,close,caldt
111804895,375.31,375.45,364.82,368.97,2021-01-04 00:00:00-05:00
67456696,368.1,372.5,368.05,371.4,2021-01-05 00:00:00-05:00
109080743,369.71,376.98,369.12,373.41,2021-01-06 00:00:00-05:00
70220837,376.1,379.9,375.91,379.13,2021-01-07 00:00:00-05:00
74338260,380.59,381.49,377.1,381.29,2021-01-08 00:00:00-05:00
52148184,377.85,380.58,377.7189,378.7,2021-01-11 00:00:00-05:00
53546073,378.89,379.86,376.36,378.66,2021-01-12 00:00:00-05:00
46290159,378.69,380.86,377.85,379.7,2021-01-13 00:00:00-05:00
50821683,380.59,381.13,378.1,378.58,2021-01-14 00:00:00-05:00
109520809,376.72,377.58,373.7,375.67,2021-01-15 00:00:00-05:00
52504155,378.34,379.23,376.75,378.64,2021-01-19 00:00:00-05:00
63340450,381.11,384.79,380.69,383.8,2021-01-20 00:00:00-05:00
48716569,384.49,384.95,383.25,384.15,2021-01-21 00:00:00-05:00
53194026,382.25,384.1256,381.835,382.82,2021-01-22 00:00:00-05:00
72021578,383.67,384.77,378.46,384.54,2021-01-25 00:00:00-05:00
44161134,385.41,385.85,383.54,383.75,2021-01-26 00:00:00-05:00
126043890,380.22,380.32,372.01,374.65,2021-01-27 00:00:00-05:00
96130471,376.36,381.93,375.89,377.52,2021-01-28 00:00:00-05:00
129983765,375.63,376.67,368.27,370.14,2021-01-29 00:00:00-05:00
77707586,373.72,377.34,370.376,376.02,2021-02-01 00:00:00-05:00
66494770,379.65,383.22,376.3181,381.25,2021-02-02 00:00:00-05:00
53344886,382.435,383.7,380.48,381.84,2021-02-03 00:00:00-05:00
48544535,382.96,386.24,381.9655,386.11,2021-02-04 00:00:00-05:00
49890523,388.2,388.47,386.1444,387.63,2021-02-05 00:00:00-05:00
39380252,389.27,390.56,388.35,390.52,2021-02-08 00:00:00-05:00
36248491,389.61,390.89,389.17,390.31,2021-02-09 00:00:00-05:00
59678427,392.12,392.28,387.5,390.17,2021-02-10 00:00:00-05:00
43822781,391.24,391.69,388.1,390.71,2021-02-11 00:00:00-05:00
51799016,389.85,392.9,389.77,392.73,2021-02-12 00:00:00-05:00
52716093,393.96,394.17,391.53,392.38,2021-02-16 00:00:00-05:00
54297756,390.42,392.66,389.33,392.45,2021-02-17 00:00:00-05:00
60770152,389.59,391.515,387.74,390.82,2021-02-18 00:00:00-05:00
84807821,392.07,392.38,389.55,390.05,2021-02-19 00:00:00-05:00
69771116,387.06,389.62,386.74,387.08,2021-02-22 00:00:00-05:00
108002754,384.66,388.945,380.2,387.52,2021-02-23 00:00:00-05:00
73663829,386.33,392.23,385.27,391.84,2021-02-24 00:00:00-05:00
148679383,390.41,391.88,380.7789,382.37,2021-02-25 00:00:00-05:00
154318347,384.35,385.58,378.23,380.01,2021-02-26 00:00:00-05:00
107534746,385.59,390.92,380.572,389.43,2021-03-01 00:00:00-05:00
81988591,389.82,390.07,386.0,386.56,2021-03-02 00:00:00-05:00
124095342,385.79,386.83,381.31,381.4,2021-03-03 00:00:00-05:00
187163522,381.22,384.0,371.88,376.6799,2021-03-04 00:00:00-05:00
154840748,380.46,384.76,372.64,383.56,2021-03-05 00:00:00-05:00
124010149,384.66,387.68,381.42,381.72,2021-03-08 00:00:00-05:00
116544202,385.85,389.91,381.7299,387.13,2021-03-09 00:00:00-05:00
111715355,389.69,391.4,388.1702,389.39,2021-03-10 00:00:00-05:00
87995511,392.23,395.65,391.74,393.46,2021-03-11 00:00:00-05:00
66408497,392.07,394.21,391.2,394.0,2021-03-12 00:00:00-05:00
76514167,394.33,396.685,392.03,396.48,2021-03-15 00:00:00-04:00
75735745,397.07,397.83,395.08,395.86,2021-03-16 00:00:00-04:00
98853032,394.53,398.12,393.3,397.21,2021-03-17 00:00:00-04:00
118149389,394.475,396.72,390.75,391.53,2021-03-18 00:00:00-04:00
115070074,389.88,391.569,387.15,389.57,2021-03-19 00:00:00-04:00
74744285,390.03,394.07,389.97,392.55,2021-03-22 00:00:00-04:00
91830191,391.91,393.46,388.66,389.63,2021-03-23 00:00:00-04:00
98576266,391.0,392.75,387.47,387.63,2021-03-24 00:00:00-04:00
117324362,385.98,390.55,383.9,389.72,2021-03-25 00:00:00-04:00
116858809,390.93,396.41,390.29,395.91,2021-03-26 00:00:00-04:00
114464450,394.4,396.75,392.81,395.76,2021-03-29 00:00:00-04:00
76954653,394.42,395.45,393.02,394.69,2021-03-30 00:00:00-04:00
114268733,395.34,398.0,395.31,396.33,2021-03-31 00:00:00-04:00
101181097,398.4,400.67,398.18,400.61,2021-04-01 00:00:00-04:00
92971454,403.46,406.94,403.38,406.36,2021-04-05 00:00:00-04:00
63118699,405.76,407.24,405.4,406.12,2021-04-06 00:00:00-04:00
56351333,405.94,406.96,405.45,406.59,2021-04-07 00:00:00-04:00
58807820,407.93,408.58,406.93,408.52,2021-04-08 00:00:00-04:00
62133104,408.39,411.67,408.26,411.49,2021-04-09 00:00:00-04:00
56704900,410.85,411.93,410.2,411.64,2021-04-12 00:00:00-04:00
56550988,411.53,413.529,411.12,412.86,2021-04-13 00:00:00-04:00
62468115,412.83,413.96,410.87,411.45,2021-04-14 00:00:00-04:00
60229843,413.74,416.16,413.69,415.87,2021-04-15 00:00:00-04:00
81977568,417.25,417.91,415.73,417.26,2021-04-16 00:00:00-04:00
78498638,416.26,416.74,413.79,415.21,2021-04-19 00:00:00-04:00
81851828,413.91,415.0859,410.59,412.17,2021-04-20 00:00:00-04:00
66792984,411.51,416.29,411.36,416.07,2021-04-21 00:00:00-04:00
98766103,415.89,416.78,411.13,412.27,2021-04-22 00:00:00-04:00
74074953,412.87,418.25,412.79,416.74,2021-04-23 00:00:00-04:00
53597096,417.44,418.22,416.8111,417.61,2021-04-26 00:00:00-04:00
52112393,417.93,418.14,416.3,417.52,2021-04-27 00:00:00-04:00
51994369,417.81,419.01,416.9,417.4,2021-04-28 00:00:00-04:00
80506526,420.32,420.72,416.44,420.06,2021-04-29 00:00:00-04:00
87467317,417.63,418.54,416.34,417.3,2021-04-30 00:00:00-04:00
68963710,419.43,419.84,417.665,418.2,2021-05-03 00:00:00-04:00
102684284,416.07,416.6,411.67,415.62,2021-05-04 00:00:00-04:00
61155687,417.38,417.63,414.94,415.75,2021-05-05 00:00:00-04:00
74534968,415.83,419.21,413.675,419.07,2021-05-06 00:00:00-04:00
68913001,419.89,422.815,419.16,422.12,2021-05-07 00:00:00-04:00
82950865,422.5,422.74,417.81,417.94,2021-05-10 00:00:00-04:00
118182209,413.1,415.27,410.06,414.21,2021-05-11 00:00:00-04:00
137078636,411.23,412.59,404.0,405.41,2021-05-12 00:00:00-04:00
106393963,407.07,412.35,407.02,410.28,2021-05-13 00:00:00-04:00
84366746,413.21,417.49,413.18,416.58,2021-05-14 00:00:00-04:00
66193502,415.39,416.39,413.36,415.48,2021-05-17 00:00:00-04:00
61288866,415.8,416.06,411.77,412.02,2021-05-18 00:00:00-04:00
108349346,406.92,411.05,405.33,410.78,2021-05-19 00:00:00-04:00
79754477,411.8,416.625,411.67,415.15,2021-05-20 00:00:00-04:00
77590498,416.87,418.2,414.45,414.98,2021-05-21 00:00:00-04:00
52606963,417.34,420.32,417.08,419.17,2021-05-24 00:00:00-04:00
58365218,420.33,420.71,417.62,418.33,2021-05-25 00:00:00-04:00
43861538,418.87,419.61,417.76,419.04,2021-05-26 00:00:00-04:00
58438340,420.17,420.72,418.9851,419.18,2021-05-27 00:00:00-04:00
59768917,420.97,421.25,419.79,420.19,2021-05-28 00:00:00-04:00
55475267,422.57,422.72,419.2,419.67,2021-06-01 00:00:00-04:00
50203715,420.37,421.23,419.29,420.39,2021-06-02 00:00:00-04:00
59499680,417.85,419.99,416.28,418.83,2021-06-03 00:00:00-04:00
57471475,420.75,422.92,418.8422,422.44,2021-06-04 00:00:00-04:00
52952730,422.59,422.78,421.19,422.26,2021-06-07 00:00:00-04:00
47948293,423.11,423.21,420.32,422.3,2021-06-08 00:00:00-04:00
49531038,423.18,423.26,421.41,421.67,2021-06-09 00:00:00-04:00
52143649,422.96,424.63,421.55,423.61,2021-06-10 00:00:00-04:00
46822811,424.2,424.43,422.82,424.31,2021-06-11 00:00:00-04:00
43360599,424.43,425.37,423.1,425.26,2021-06-14 00:00:00-04:00
52379036,425.42,425.46,423.54,424.48,2021-06-15 00:00:00-04:00
82346591,424.63,424.87,419.92,422.11,2021-06-16 00:00:00-04:00
92368532,421.67,423.02,419.32,421.97,2021-06-17 00:00:00-04:00
120543104,417.09,417.8281,414.7,414.92,2021-06-18 00:00:00-04:00
74576631,416.8,421.06,415.93,420.86,2021-06-21 00:00:00-04:00
59929167,420.85,424.0,420.08,423.11,2021-06-22 00:00:00-04:00
51215292,423.19,424.05,422.51,422.6,2021-06-23 00:00:00-04:00
46318393,424.89,425.55,424.62,425.1,2021-06-24 00:00:00-04:00
59584242,425.9,427.0943,425.55,426.61,2021-06-25 00:00:00-04:00
54222023,427.17,427.65,425.89,427.47,2021-06-28 00:00:00-04:00
36655269,427.88,428.56,427.13,427.7,2021-06-29 00:00:00-04:00
66270641,427.21,428.78,427.18,428.06,2021-06-30 00:00:00-04:00
55872224,428.87,430.6,428.8,430.43,2021-07-01 00:00:00-04:00
59750006,431.67,434.1,430.5218,433.72,2021-07-02 00:00:00-04:00
69771668,433.78,434.01,430.01,432.93,2021-07-06 00:00:00-04:00
65615176,433.66,434.76,431.51,434.46,2021-07-07 00:00:00-04:00
99397460,428.78,431.73,427.52,430.92,2021-07-08 00:00:00-04:00
77967324,432.53,435.84,430.714,435.52,2021-07-09 00:00:00-04:00
54302361,435.43,437.35,434.97,437.08,2021-07-12 00:00:00-04:00
53702111,436.24,437.84,435.31,435.59,2021-07-13 00:00:00-04:00
65563370,437.4,437.92,434.91,436.24,2021-07-14 00:00:00-04:00
55879338,434.81,435.53,432.72,434.75,2021-07-15 00:00:00-04:00
77170227,436.01,436.06,430.92,431.34,2021-07-16 00:00:00-04:00
149399960,426.19,431.4089,421.97,424.97,2021-07-19 00:00:00-04:00
100942167,425.68,432.42,424.83,431.06,2021-07-20 00:00:00-04:00
65894328,432.34,434.7,431.0111,434.55,2021-07-21 00:00:00-04:00
48647326,434.74,435.72,433.69,435.46,2021-07-22 00:00:00-04:00
64713928,437.52,440.3,436.79,439.94,2021-07-23 00:00:00-04:00
44352624,439.31,441.03,439.26,441.02,2021-07-26 00:00:00-04:00
68269527,439.91,439.94,435.99,439.01,2021-07-27 00:00:00-04:00
53425144,439.68,440.3,437.31,438.83,2021-07-28 00:00:00-04:00
48198967,439.815,441.8,439.81,440.65,2021-07-29 00:00:00-04:00
70310909,437.91,440.06,437.77,438.51,2021-07-30 00:00:00-04:00
59611884,440.34,440.93,437.21,437.59,2021-08-02 00:00:00-04:00
58824931,438.44,441.28,436.1,441.15,2021-08-03 00:00:00-04:00
47620472,439.78,441.1243,438.73,438.98,2021-08-04 00:00:00-04:00
39730739,440.22,441.85,439.88,441.76,2021-08-05 00:00:00-04:00
47572213,442.1,442.94,441.8,442.49,2021-08-06 00:00:00-04:00
42250781,442.46,442.795,441.31,442.13,2021-08-09 00:00:00-04:00
44951196,442.61,443.44,441.88,442.68,2021-08-10 00:00:00-04:00
45383120,443.82,443.882,442.62,443.78,2021-08-11 00:00:00-04:00
39843341,443.62,445.2572,442.66,445.11,2021-08-12 00:00:00-04:00
40108966,445.59,445.94,445.07,445.92,2021-08-13 00:00:00-04:00
74631097,444.53,447.11,442.87,446.97,2021-08-16 00:00:00-04:00
94352513,444.24,444.96,440.85,444.04,2021-08-17 00:00:00-04:00
91420225,442.96,444.625,438.92,439.18,2021-08-18 00:00:00-04:00
94479651,436.27,441.14,436.12,439.86,2021-08-19 00:00:00-04:00
73189310,440.23,443.71,439.71,443.36,2021-08-20 00:00:00-04:00
55793374,445.16,448.23,443.4355,447.26,2021-08-23 00:00:00-04:00
40179908,447.97,448.54,447.42,447.97,2021-08-24 00:00:00-04:00
41966967,448.17,449.457,447.77,448.91,2021-08-25 00:00:00-04:00
58472550,448.61,448.86,446.16,446.26,2021-08-26 00:00:00-04:00
79706113,447.12,450.65,447.06,450.25,2021-08-27 00:00:00-04:00
49898245,450.97,453.07,450.71,452.23,2021-08-30 00:00:00-04:00
61354794,452.13,452.49,450.92,451.56,2021-08-31 00:00:00-04:00
49472969,452.56,453.11,451.545,451.8,2021-09-01 00:00:00-04:00
43327950,453.32,454.05,451.91,453.19,2021-09-02 00:00:00-04:00
47762540,451.98,453.63,451.55,453.08,2021-09-03 00:00:00-04:00
52416593,452.71,452.81,450.7423,451.46,2021-09-07 00:00:00-04:00
56880064,450.89,451.67,448.86,450.91,2021-09-08 00:00:00-04:00
59078822,450.7,452.57,448.72,448.98,2021-09-09 00:00:00-04:00
91228331,451.04,451.49,445.31,445.44,2021-09-10 00:00:00-04:00
84654367,448.64,448.92,444.11,446.58,2021-09-13 00:00:00-04:00
79354474,448.12,448.34,443.22,444.17,2021-09-14 00:00:00-04:00
79886416,444.62,448.41,443.44,447.88,2021-09-15 00:00:00-04:00
78496993,447.32,448.36,444.02,447.17,2021-09-16 00:00:00-04:00
119686123,444.92,445.37,441.02,441.4,2021-09-17 00:00:00-04:00
168323570,434.88,436.56,428.86,434.04,2021-09-20 00:00:00-04:00
93757751,436.53,437.91,433.07,433.63,2021-09-21 00:00:00-04:00
103757135,436.05,440.03,433.747,437.86,2021-09-22 00:00:00-04:00
77755673,439.85,444.89,439.6,443.18,2021-09-23 00:00:00-04:00
63279879,441.44,444.67,441.21,443.91,2021-09-24 00:00:00-04:00
62530917,442.81,444.05,441.9,442.64,2021-09-27 00:00:00-04:00
132369999,439.69,440.04,432.94,433.72,2021-09-28 00:00:00-04:00
83969724,435.19,437.04,433.85,434.45,2021-09-29 00:00:00-04:00
143598796,436.02,436.77,428.78,429.14,2021-09-30 00:00:00-04:00
131035258,430.98,436.0329,427.23,434.24,2021-10-01 00:00:00-04:00
130626145,433.0,433.96,426.36,428.64,2021-10-04 00:00:00-04:00
92100880,430.24,435.49,429.39,433.1,2021-10-05 00:00:00-04:00
113897035,429.27,435.1199,427.54,434.9,2021-10-06 00:00:00-04:00
73716653,438.39,441.68,438.2,438.66,2021-10-07 00:00:00-04:00
75477568,439.48,439.89,437.19,437.86,2021-10-08 00:00:00-04:00
66278854,437.16,440.26,434.62,434.69,2021-10-11 00:00:00-04:00
71939356,435.67,436.1,432.78,433.62,2021-10-12 00:00:00-04:00
73949659,434.71,436.05,431.54,435.18,2021-10-13 00:00:00-04:00
71905000,439.08,442.66,438.58,442.5,2021-10-14 00:00:00-04:00
67668867,444.75,446.26,444.09,445.87,2021-10-15 00:00:00-04:00
64093511,443.97,447.55,443.27,447.19,2021-10-18 00:00:00-04:00
48371320,448.92,450.71,448.27,450.64,2021-10-19 00:00:00-04:00
50871680,451.13,452.732,451.01,452.41,2021-10-20 00:00:00-04:00
42397570,451.77,453.829,451.31,453.59,2021-10-21 00:00:00-04:00
59430753,453.13,454.67,451.05,453.12,2021-10-22 00:00:00-04:00
46427004,454.28,455.9,452.39,455.55,2021-10-25 00:00:00-04:00
57470445,457.2,458.49,455.56,455.96,2021-10-26 00:00:00-04:00
73588516,456.45,457.16,453.86,453.94,2021-10-27 00:00:00-04:00
52962903,455.46,458.4,455.45,458.32,2021-10-28 00:00:00-04:00
71616663,455.87,459.56,455.56,459.25,2021-10-29 00:00:00-04:00
49942295,460.3,460.7021,458.2,460.04,2021-11-01 00:00:00-04:00
50229956,460.22,462.23,460.08,461.9,2021-11-02 00:00:00-04:00
54199665,461.3,465.15,460.83,464.72,2021-11-03 00:00:00-04:00
53760607,465.36,467.0,464.99,466.91,2021-11-04 00:00:00-04:00
67432045,469.28,470.65,466.92,468.53,2021-11-05 00:00:00-04:00
51269918,469.7,470.23,468.2031,468.93,2021-11-08 00:00:00-05:00
52049013,469.32,469.57,465.88,467.38,2021-11-09 00:00:00-05:00
70491976,465.58,467.38,462.04,463.62,2021-11-10 00:00:00-05:00
36116860,465.21,465.29,463.75,463.77,2021-11-11 00:00:00-05:00
54909239,465.12,467.86,464.11,467.27,2021-11-12 00:00:00-05:00
48365823,468.64,468.81,466.23,467.43,2021-11-15 00:00:00-05:00
50288743,467.15,470.485,467.07,469.28,2021-11-16 00:00:00-05:00
48931843,469.0,469.19,467.48,468.14,2021-11-17 00:00:00-05:00
51864988,469.24,470.01,466.34,469.73,2021-11-18 00:00:00-05:00
58037857,469.61,470.94,468.5,468.89,2021-11-19 00:00:00-05:00
73773729,470.89,473.54,467.35,467.57,2021-11-22 00:00:00-05:00
74152789,467.22,469.095,464.45,468.19,2021-11-23 00:00:00-05:00
63324418,466.06,469.57,465.19,469.44,2021-11-24 00:00:00-05:00
114062469,462.34,463.9,457.77,458.97,2021-11-26 00:00:00-05:00
88266156,464.07,466.56,461.73,464.6,2021-11-29 00:00:00-05:00
151509808,462.0,464.03,455.3,455.56,2021-11-30 00:00:00-05:00
134806870,461.64,464.67,450.29,450.5,2021-12-01 00:00:00-05:00
130439224,450.73,459.07,450.31,457.4,2021-12-02 00:00:00-05:00
138882255,459.17,460.3,448.92,453.42,2021-12-03 00:00:00-05:00
100786239,456.13,460.79,453.56,458.79,2021-12-06 00:00:00-05:00
98181214,464.41,468.88,458.6546,468.28,2021-12-07 00:00:00-05:00
73600326,468.7,470.0,466.83,469.52,2021-12-08 00:00:00-05:00
62433012,468.15,469.6291,466.14,466.35,2021-12-09 00:00:00-05:00
78394925,469.23,470.9,466.51,470.74,2021-12-10 00:00:00-05:00
89029534,470.19,470.56,466.27,466.59,2021-12-13 00:00:00-05:00
98550028,463.09,465.74,460.25,463.36,2021-12-14 00:00:00-05:00
119062600,463.42,470.86,460.74,470.6,2021-12-15 00:00:00-05:00
118519493,472.57,472.87,464.8,466.45,2021-12-16 00:00:00-05:00
137700311,461.55,464.74,458.06,459.87,2021-12-17 00:00:00-05:00
108827152,454.48,455.4,451.14,454.98,2021-12-20 00:00:00-05:00
72205719,458.61,463.21,456.31,463.06,2021-12-21 00:00:00-05:00
60487971,462.79,467.81,462.58,467.69,2021-12-22 00:00:00-05:00
57599846,468.75,472.19,468.64,470.6,2021-12-23 00:00:00-05:00
58274737,472.06,477.31,472.01,477.26,2021-12-27 00:00:00-05:00
48323486,477.72,478.81,476.06,476.87,2021-12-28 00:00:00-05:00
55502324,476.98,478.56,475.92,477.48,2021-12-29 00:00:00-05:00
56438446,477.93,479.0,475.67,476.16,2021-12-30 00:00:00-05:00
67217721,475.64,476.86,474.67,474.96,2021-12-31 00:00:00-05:00
74528525,476.3,477.85,473.85,477.71,2022-01-03 00:00:00-05:00
72231283,479.22,479.98,475.58,477.55,2022-01-04 00:00:00-05:00
104678064,477.16,477.98,468.2801,468.38,2022-01-05 00:00:00-05:00
87839262,467.89,470.82,465.43,467.94,2022-01-06 00:00:00-05:00
86364246,467.95,469.2,464.65,466.09,2022-01-07 00:00:00-05:00
120649890,462.7,465.74,456.5973,465.51,2022-01-10 00:00:00-05:00
75431095,465.23,469.85,462.05,469.73,2022-01-11 00:00:00-05:00
68702010,471.59,473.2,468.94,471.02,2022-01-12 00:00:00-05:00
93589296,472.19,472.88,463.44,464.53,2022-01-13 00:00:00-05:00
97790736,461.19,465.09,459.9,464.72,2022-01-14 00:00:00-05:00
111733633,459.74,459.96,455.31,456.49,2022-01-18 00:00:00-05:00
111279125,458.13,459.6124,451.46,451.75,2022-01-19 00:00:00-05:00
125194304,453.75,458.74,444.5,446.75,2022-01-20 00:00:00-05:00
204630712,445.56,448.06,437.95,437.98,2022-01-21 00:00:00-05:00
254361526,432.03,440.38,420.76,439.84,2022-01-24 00:00:00-05:00
170145104,433.06,439.72,427.15,434.47,2022-01-25 00:00:00-05:00
188214247,440.72,444.04,428.86,433.38,2022-01-26 00:00:00-05:00
151882702,438.26,441.59,429.45,431.24,2022-01-27 00:00:00-05:00
166791322,432.68,442.0,427.82,441.95,2022-01-28 00:00:00-05:00
155582114,441.24,450.28,439.81,449.91,2022-01-31 00:00:00-05:00
125134995,450.68,453.63,446.9384,452.95,2022-02-01 00:00:00-05:00
119044971,455.5,458.12,453.05,457.35,2022-02-02 00:00:00-05:00
120198289,450.95,452.97,445.71,446.6,2022-02-03 00:00:00-05:00
120819408,446.35,452.78,443.83,448.7,2022-02-04 00:00:00-05:00
86449092,449.51,450.99,445.85,447.26,2022-02-07 00:00:00-05:00
83185793,446.73,451.92,445.22,450.94,2022-02-08 00:00:00-05:00
95013879,455.22,457.88,455.005,457.54,2022-02-09 00:00:00-05:00
142919007,451.34,457.71,447.2,449.32,2022-02-10 00:00:00-05:00
156004637,449.41,451.605,438.94,440.46,2022-02-11 00:00:00-05:00
125379755,439.92,441.6,435.34,439.02,2022-02-14 00:00:00-05:00
91232544,443.73,446.28,443.18,446.1,2022-02-15 00:00:00-05:00
84978171,443.93,448.055,441.94,446.6,2022-02-16 00:00:00-05:00
102416116,443.22,446.5652,436.42,437.06,2022-02-17 00:00:00-05:00
132619100,437.33,438.66,431.82,434.23,2022-02-18 00:00:00-05:00
126971668,431.89,435.5,425.86,429.57,2022-02-22 00:00:00-05:00
132864067,432.66,433.26,421.35,422.07,2022-02-23 00:00:00-05:00
220033458,411.02,428.76,410.64,427.99,2022-02-24 00:00:00-05:00
123640399,429.61,437.84,427.86,437.75,2022-02-25 00:00:00-05:00
149221337,432.03,438.2,430.7,436.63,2022-02-28 00:00:00-05:00
139991559,435.04,437.17,427.11,429.98,2022-03-01 00:00:00-05:00
120234911,432.37,439.72,431.57,437.89,2022-03-02 00:00:00-05:00
105501865,440.47,441.11,433.8,435.71,2022-03-03 00:00:00-05:00
113974262,431.75,433.37,427.88,432.17,2022-03-04 00:00:00-05:00
138047941,431.55,432.3018,419.36,419.43,2022-03-07 00:00:00-05:00
167638902,419.62,427.21,415.12,416.25,2022-03-08 00:00:00-05:00
117271076,425.14,429.51,422.82,427.41,2022-03-09 00:00:00-05:00
95329689,422.52,426.43,420.44,425.48,2022-03-10 00:00:00-05:00
95687775,428.12,428.77,419.53,420.07,2022-03-11 00:00:00-05:00
95874528,420.89,424.55,415.79,417.0,2022-03-14 00:00:00-04:00
108235310,419.77,426.84,418.42,426.17,2022-03-15 00:00:00-04:00
144954949,429.89,435.68,424.8,435.62,2022-03-16 00:00:00-04:00
104062578,433.59,441.07,433.19,441.07,2022-03-17 00:00:00-04:00
106542902,438.0,444.86,437.22,444.52,2022-03-18 00:00:00-04:00
88839174,444.34,446.46,440.68,444.39,2022-03-21 00:00:00-04:00
76931148,445.86,450.58,445.86,449.59,2022-03-22 00:00:00-04:00
81316132,446.91,448.49,443.71,443.8,2022-03-23 00:00:00-04:00
64917269,445.94,450.5,444.76,450.49,2022-03-24 00:00:00-04:00
77990305,451.16,452.98,448.43,452.69,2022-03-25 00:00:00-04:00
71058111,452.06,455.91,450.06,455.84,2022-03-28 00:00:00-04:00
91635758,460.02,462.07,457.18,461.53,2022-03-29 00:00:00-04:00
82462768,460.34,461.195,456.465,458.79,2022-03-30 00:00:00-04:00
121830006,457.89,458.76,451.16,451.64,2022-03-31 00:00:00-04:00
90526299,453.31,453.46,449.14,452.92,2022-04-01 00:00:00-04:00
61390954,453.13,456.91,452.26,456.8,2022-04-04 00:00:00-04:00
75760010,455.22,457.83,449.82,451.03,2022-04-05 00:00:00-04:00
107084639,446.89,448.93,443.47,446.52,2022-04-06 00:00:00-04:00
78235837,445.59,450.69,443.53,448.77,2022-04-07 00:00:00-04:00
79354344,447.97,450.63,445.94,447.57,2022-04-08 00:00:00-04:00
92393812,444.11,445.0,439.39,439.92,2022-04-11 00:00:00-04:00
85677975,443.08,445.75,436.6501,438.29,2022-04-12 00:00:00-04:00
75731466,438.03,444.11,437.84,443.31,2022-04-13 00:00:00-04:00
100061421,443.55,444.7301,437.68,437.79,2022-04-14 00:00:00-04:00
67080101,436.81,439.75,435.61,437.97,2022-04-18 00:00:00-04:00
79209141,437.86,445.8,437.68,445.04,2022-04-19 00:00:00-04:00
66224261,446.92,447.57,443.48,444.71,2022-04-20 00:00:00-04:00
86898329,448.54,450.01,437.1,438.06,2022-04-21 00:00:00-04:00
134318097,436.91,438.0825,425.44,426.04,2022-04-22 00:00:00-04:00
121150668,423.67,428.69,418.84,428.51,2022-04-25 00:00:00-04:00
104173893,425.83,426.04,416.07,416.1,2022-04-26 00:00:00-04:00
122342063,417.24,422.92,415.01,417.27,2022-04-27 00:00:00-04:00
107789356,422.29,429.64,417.6,427.81,2022-04-28 00:00:00-04:00
148702518,423.59,425.87,411.21,412.0,2022-04-29 00:00:00-04:00
160312749,412.07,415.92,405.02,414.48,2022-05-02 00:00:00-04:00
102021088,415.01,418.93,413.36,416.38,2022-05-03 00:00:00-04:00
146219632,417.08,429.66,413.7099,429.06,2022-05-04 00:00:00-04:00
175971084,424.55,425.0,409.44,413.81,2022-05-05 00:00:00-04:00
153284691,411.1,414.8,405.73,411.34,2022-05-06 00:00:00-04:00
155879661,405.1,406.41,396.5,398.17,2022-05-09 00:00:00-04:00
135027626,404.49,406.08,394.82,399.09,2022-05-10 00:00:00-04:00
144045270,398.07,404.04,391.96,392.75,2022-05-11 00:00:00-04:00
126713465,389.37,395.8,385.15,392.34,2022-05-12 00:00:00-04:00
104349084,396.71,403.18,395.61,401.72,2022-05-13 00:00:00-04:00
80100945,399.98,403.97,397.6,400.09,2022-05-16 00:00:00-04:00
83226741,406.53,408.57,402.5824,408.32,2022-05-17 00:00:00-04:00
117836734,403.5,403.8,390.55,391.86,2022-05-18 00:00:00-04:00
99939615,388.62,394.14,387.11,389.46,2022-05-19 00:00:00-04:00
131446436,393.25,397.03,380.54,389.63,2022-05-20 00:00:00-04:00
76648121,392.83,397.73,390.38,396.92,2022-05-23 00:00:00-04:00
92541551,392.56,395.15,386.96,393.89,2022-05-24 00:00:00-04:00
92887420,392.31,399.45,391.89,397.37,2022-05-25 00:00:00-04:00
83804711,398.67,407.04,398.45,405.31,2022-05-26 00:00:00-04:00
87207078,407.91,415.3801,407.7,415.26,2022-05-27 00:00:00-04:00
97389986,413.55,416.46,410.03,412.93,2022-05-31 00:00:00-04:00
87995482,415.17,416.24,406.93,409.59,2022-06-01 00:00:00-04:00
81695452,409.42,417.44,407.04,417.34,2022-06-02 00:00:00-04:00
72004446,412.4,414.04,409.51,410.54,2022-06-03 00:00:00-04:00
58402477,414.78,416.609,410.5523,411.79,2022-06-06 00:00:00-04:00
59483946,408.1,416.22,407.61,415.74,2022-06-07 00:00:00-04:00
65642329,413.93,415.82,410.38,411.22,2022-06-08 00:00:00-04:00
88177354,409.34,411.74,401.44,401.44,2022-06-09 00:00:00-04:00
135486175,394.88,395.7777,389.75,389.8,2022-06-10 00:00:00-04:00
173443346,379.85,381.81,373.3,375.0,2022-06-13 00:00:00-04:00
105591082,376.85,377.94,370.59,373.87,2022-06-14 00:00:00-04:00
128798622,377.36,383.9,372.12,379.2,2022-06-15 00:00:00-04:00
138951395,370.51,370.94,364.0799,366.65,2022-06-16 00:00:00-04:00
111452712,365.51,369.38,362.17,365.86,2022-06-17 00:00:00-04:00
79074527,371.89,376.525,371.81,375.07,2022-06-21 00:00:00-04:00
91634199,370.62,378.72,370.18,374.39,2022-06-22 00:00:00-04:00
80303462,376.64,378.83,372.89,378.06,2022-06-23 00:00:00-04:00
98013848,381.4,390.09,381.365,390.08,2022-06-24 00:00:00-04:00
67337838,391.05,391.36,387.44,388.59,2022-06-27 00:00:00-04:00
88649297,390.23,393.16,380.53,380.65,2022-06-28 00:00:00-04:00
65793757,381.23,382.27,378.42,380.34,2022-06-29 00:00:00-04:00
114444484,376.24,380.6582,372.56,377.25,2022-06-30 00:00:00-04:00
76230298,376.56,381.7,373.8,381.24,2022-07-01 00:00:00-04:00
81666726,375.88,381.98,372.9,381.96,2022-07-05 00:00:00-04:00
71417341,382.11,385.87,379.6,383.25,2022-07-06 00:00:00-04:00
66586715,385.12,389.83,383.267,388.99,2022-07-07 00:00:00-04:00
73126115,387.27,390.64,385.66,388.67,2022-07-08 00:00:00-04:00
60196162,385.85,386.87,383.5,384.23,2022-07-11 00:00:00-04:00
63304211,383.65,386.16,378.99,380.83,2022-07-12 00:00:00-04:00
85453239,375.1,381.92,374.658,378.83,2022-07-13 00:00:00-04:00
91022894,373.61,379.0498,371.04,377.91,2022-07-14 00:00:00-04:00
80721517,382.55,385.25,380.54,385.13,2022-07-15 00:00:00-04:00
64573224,388.38,389.09,380.66,381.95,2022-07-18 00:00:00-04:00
80462808,386.08,392.87,385.39,392.27,2022-07-19 00:00:00-04:00
72028992,392.47,396.26,391.03,394.77,2022-07-20 00:00:00-04:00
65044042,394.16,398.84,391.63,398.79,2022-07-21 00:00:00-04:00
73212677,398.92,400.18,392.75,395.09,2022-07-22 00:00:00-04:00
54460198,395.75,396.47,393.21,395.57,2022-07-25 00:00:00-04:00
54110744,393.84,394.06,389.95,390.89,2022-07-26 00:00:00-04:00
84389399,394.36,402.88,394.05,401.04,2022-07-27 00:00:00-04:00
75478050,401.89,406.8,398.15,406.04,2022-07-28 00:00:00-04:00
88654585,407.58,413.03,406.77,411.99,2022-07-29 00:00:00-04:00
71138117,409.15,413.41,408.4,410.77,2022-08-01 00:00:00-04:00
64549577,409.12,413.0,406.82,408.06,2022-08-02 00:00:00-04:00
69189866,410.3,415.68,410.0,414.45,2022-08-03 00:00:00-04:00
46473255,414.37,415.09,412.44,414.17,2022-08-04 00:00:00-04:00
57663233,409.66,414.15,409.6,413.47,2022-08-05 00:00:00-04:00
54800278,415.25,417.62,411.83,412.99,2022-08-08 00:00:00-04:00
45025319,412.22,412.75,410.22,411.35,2022-08-09 00:00:00-04:00
70131594,418.78,420.14,416.72,419.99,2022-08-10 00:00:00-04:00
60543614,422.99,424.95,419.21,419.99,2022-08-11 00:00:00-04:00
62922310,422.03,427.21,421.03,427.1,2022-08-12 00:00:00-04:00
54947334,424.765,429.41,424.71,428.86,2022-08-15 00:00:00-04:00
60027042,427.73,431.73,426.88,429.7,2022-08-16 00:00:00-04:00
64678140,425.91,429.5,424.54,426.65,2022-08-17 00:00:00-04:00
49133661,426.86,428.61,425.5,427.89,2022-08-18 00:00:00-04:00
69269902,424.98,425.26,421.22,422.14,2022-08-19 00:00:00-04:00
79484165,417.05,417.23,412.4,413.35,2022-08-22 00:00:00-04:00
49771778,412.9,415.42,411.77,412.35,2022-08-23 00:00:00-04:00
50531686,412.11,415.1101,411.39,413.67,2022-08-24 00:00:00-04:00
51062473,415.24,419.56,414.09,419.51,2022-08-25 00:00:00-04:00
105714602,419.39,419.96,405.25,405.31,2022-08-26 00:00:00-04:00
66499372,402.2,405.84,401.1999,402.63,2022-08-29 00:00:00-04:00
87190352,403.85,404.1,396.0,398.21,2022-08-30 00:00:00-04:00
77635142,399.93,401.24,395.04,395.18,2022-08-31 00:00:00-04:00
80204169,392.89,396.78,390.04,396.42,2022-09-01 00:00:00-04:00
101452968,400.28,401.555,390.33,392.24,2022-09-02 00:00:00-04:00
77511258,393.13,394.12,388.42,390.76,2022-09-06 00:00:00-04:00
73982489,390.43,398.59,390.2,397.78,2022-09-07 00:00:00-04:00
82038578,395.39,400.86,394.12,400.38,2022-09-08 00:00:00-04:00
79609462,402.74,407.51,402.46,406.6,2022-09-09 00:00:00-04:00
70935353,408.78,411.73,408.46,410.97,2022-09-12 00:00:00-04:00
127102562,401.83,403.1,391.92,393.1,2022-09-13 00:00:00-04:00
85900310,394.47,396.2,391.12,394.6,2022-09-14 00:00:00-04:00
89118469,392.96,395.96,388.78,390.12,2022-09-15 00:00:00-04:00
105150204,384.14,386.25,382.11,385.56,2022-09-16 00:00:00-04:00
74700086,382.26,388.55,382.1784,388.55,2022-09-19 00:00:00-04:00
78403121,385.06,386.12,381.195,384.09,2022-09-20 00:00:00-04:00
106950971,386.11,389.31,377.38,377.39,2022-09-21 00:00:00-04:00
90697405,376.58,378.3,373.44,374.22,2022-09-22 00:00:00-04:00
123734270,370.58,370.62,363.29,367.95,2022-09-23 00:00:00-04:00
93929206,366.41,370.21,363.0299,364.31,2022-09-26 00:00:00-04:00
108682037,368.02,370.4,360.87,363.38,2022-09-27 00:00:00-04:00
113902548,364.38,372.3,362.6,370.53,2022-09-28 00:00:00-04:00
115299507,366.81,367.11,359.7,362.79,2022-09-29 00:00:00-04:00
156959533,361.8,365.91,357.04,357.18,2022-09-30 00:00:00-04:00
92907273,361.08,368.55,359.21,366.61,2022-10-03 00:00:00-04:00
107566221,372.4,378.0,366.5677,377.97,2022-10-04 00:00:00-04:00
89081904,373.39,379.46,370.95,377.09,2022-10-05 00:00:00-04:00
84084215,375.62,378.72,372.68,373.2,2022-10-06 00:00:00-04:00
110845119,368.97,373.2933,360.94,362.79,2022-10-07 00:00:00-04:00
77136053,363.96,364.21,357.67,360.02,2022-10-10 00:00:00-04:00
93767440,358.235,363.03,355.71,357.74,2022-10-11 00:00:00-04:00
78063648,358.17,359.8179,356.3,356.56,2022-10-12 00:00:00-04:00
151012977,349.205,367.51,348.11,365.97,2022-10-13 00:00:00-04:00
126393363,368.55,370.26,356.96,357.63,2022-10-14 00:00:00-04:00
96144971,364.01,367.9799,357.2808,366.82,2022-10-17 00:00:00-04:00
98962943,375.13,375.45,367.52,371.13,2022-10-18 00:00:00-04:00
81191329,368.99,371.85,365.55,368.5,2022-10-19 00:00:00-04:00
89795566,368.03,372.67,364.61,365.41,2022-10-20 00:00:00-04:00
134419474,365.12,374.8,363.54,374.29,2022-10-21 00:00:00-04:00
87697246,375.89,380.06,373.11,378.87,2022-10-24 00:00:00-04:00
80716012,378.79,385.25,378.671,384.92,2022-10-25 00:00:00-04:00
104989718,381.62,387.58,381.35,382.02,2022-10-26 00:00:00-04:00
83114489,383.07,385.0,379.33,379.98,2022-10-27 00:00:00-04:00
103100112,379.87,389.52,379.68,389.02,2022-10-28 00:00:00-04:00
97000212,386.44,388.4,385.26,386.21,2022-10-31 00:00:00-04:00
85675227,390.14,390.39,383.29,384.52,2022-11-01 00:00:00-04:00
129869586,383.9,388.63,374.76,374.87,2022-11-02 00:00:00-04:00
87348809,371.465,374.2,368.79,371.01,2022-11-03 00:00:00-04:00
106018690,377.0,378.87,370.0,376.35,2022-11-04 00:00:00-04:00
68286947,377.71,380.57,375.53,379.95,2022-11-07 00:00:00-05:00
84641062,381.11,385.12,377.72,382.0,2022-11-08 00:00:00-05:00
78495470,379.93,381.14,373.61,374.13,2022-11-09 00:00:00-05:00
141455847,388.05,395.04,385.642,394.69,2022-11-10 00:00:00-05:00
93752318,395.59,399.35,393.61,398.51,2022-11-11 00:00:00-05:00
71893165,396.66,400.1799,394.83,395.12,2022-11-14 00:00:00-05:00
93194452,401.15,402.31,394.49,398.49,2022-11-15 00:00:00-05:00
68508454,396.78,397.78,394.79,395.45,2022-11-16 00:00:00-05:00
74496255,390.46,394.95,390.14,394.24,2022-11-17 00:00:00-05:00
92769313,397.74,397.81,393.04,396.03,2022-11-18 00:00:00-05:00
51243189,394.64,395.82,392.66,394.59,2022-11-21 00:00:00-05:00
60429025,396.63,400.07,395.1527,399.9,2022-11-22 00:00:00-05:00
68261628,399.55,402.93,399.31,402.42,2022-11-23 00:00:00-05:00
30545434,401.83,402.91,401.535,402.33,2022-11-25 00:00:00-05:00
68021749,399.09,400.81,395.11,395.91,2022-11-28 00:00:00-05:00
52310039,396.05,397.3,393.3,395.23,2022-11-29 00:00:00-05:00
144566653,395.49,407.68,393.48,407.68,2022-11-30 00:00:00-05:00
76398170,408.77,410.0,404.75,407.38,2022-12-01 00:00:00-05:00
85266739,402.25,407.86,402.14,406.91,2022-12-02 00:00:00-05:00
77289815,403.95,404.93,398.17,399.59,2022-12-05 00:00:00-05:00
77972217,399.42,399.99,391.64,393.83,2022-12-06 00:00:00-05:00
65927896,392.94,395.64,391.97,393.16,2022-12-07 00:00:00-05:00
60737912,395.14,397.36,393.2684,396.24,2022-12-08 00:00:00-05:00
81353584,394.94,397.62,393.15,393.28,2022-12-09 00:00:00-05:00
75405835,394.11,398.95,393.412,398.95,2022-12-12 00:00:00-05:00
123782534,410.22,410.49,399.07,401.97,2022-12-13 00:00:00-05:00
108111349,401.61,405.5,396.31,399.4,2022-12-14 00:00:00-05:00
117705889,394.3,395.25,387.885,389.63,2022-12-15 00:00:00-05:00
118935616,385.18,386.575,381.04,383.27,2022-12-16 00:00:00-05:00
79878103,383.47,383.82,378.28,380.02,2022-12-19 00:00:00-05:00
74427240,379.23,382.23,377.85,380.54,2022-12-20 00:00:00-05:00
78167369,383.25,387.41,382.69,386.23,2022-12-21 00:00:00-05:00
100120855,383.05,386.2134,374.77,380.72,2022-12-22 00:00:00-05:00
59746356,379.65,383.06,378.03,382.91,2022-12-23 00:00:00-05:00
51638180,382.79,383.15,379.65,381.4,2022-12-27 00:00:00-05:00
70911520,381.33,383.39,376.42,376.66,2022-12-28 00:00:00-05:00
66970877,379.63,384.35,379.08,383.44,2022-12-29 00:00:00-05:00
83957691,380.64,382.58,378.43,382.43,2022-12-30 00:00:00-05:00
74850731,384.37,386.43,377.831,380.82,2023-01-03 00:00:00-05:00
85934098,383.18,385.88,380.0,383.76,2023-01-04 00:00:00-05:00
76970456,381.72,381.84,378.76,379.38,2023-01-05 00:00:00-05:00
104026233,382.61,389.25,379.4127,388.08,2023-01-06 00:00:00-05:00
73978071,390.37,393.7,387.67,387.86,2023-01-09 00:00:00-05:00
65358094,387.25,390.65,386.27,390.58,2023-01-10 00:00:00-05:00
68881080,392.23,395.6,391.38,395.52,2023-01-11 00:00:00-05:00
90157699,396.67,398.485,392.42,396.96,2023-01-12 00:00:00-05:00
63859516,393.62,399.1,393.34,398.5,2023-01-13 00:00:00-05:00
62677281,398.48,400.23,397.06,397.77,2023-01-17 00:00:00-05:00
99632262,399.01,400.12,391.28,391.49,2023-01-18 00:00:00-05:00
86958919,389.36,391.08,387.26,388.64,2023-01-19 00:00:00-05:00
91540638,390.1,396.04,388.38,395.88,2023-01-20 00:00:00-05:00
84178797,396.72,402.645,395.72,400.63,2023-01-23 00:00:00-05:00
59524911,398.88,401.15,397.64,400.2,2023-01-24 00:00:00-05:00
84800251,395.95,400.7,393.56,400.35,2023-01-25 00:00:00-05:00
72287425,403.13,404.92,400.03,404.75,2023-01-26 00:00:00-05:00
68270538,403.655,408.16,403.44,405.68,2023-01-27 00:00:00-05:00
74202018,402.8,405.13,400.28,400.59,2023-01-30 00:00:00-05:00
86811786,401.13,406.53,400.77,406.48,2023-01-31 00:00:00-05:00
101459155,405.211,413.67,402.35,410.8,2023-02-01 00:00:00-05:00
101654463,414.86,418.31,412.88,416.78,2023-02-02 00:00:00-05:00
94630250,411.59,416.97,411.09,412.35,2023-02-03 00:00:00-05:00
60295325,409.79,411.29,408.1,409.83,2023-02-06 00:00:00-05:00
90990745,408.87,416.49,407.57,415.19,2023-02-07 00:00:00-05:00
76227462,413.13,414.53,409.93,410.65,2023-02-08 00:00:00-05:00
78694859,414.41,414.57,405.81,407.09,2023-02-09 00:00:00-05:00
70726597,405.86,408.44,405.01,408.04,2023-02-10 00:00:00-05:00
64913539,408.72,412.97,408.24,412.83,2023-02-13 00:00:00-05:00
88389313,411.24,415.05,408.511,412.64,2023-02-14 00:00:00-05:00
61685279,410.35,414.06,409.47,413.98,2023-02-15 00:00:00-05:00
76431469,408.79,412.91,408.14,408.28,2023-02-16 00:00:00-05:00
89166502,406.06,407.51,404.05,407.26,2023-02-17 00:00:00-05:00
82655924,403.06,404.16,398.82,399.09,2023-02-21 00:00:00-05:00
83742293,399.52,401.13,397.02,398.54,2023-02-22 00:00:00-05:00
96242399,401.56,402.2,396.25,400.66,2023-02-23 00:00:00-05:00
108144871,395.42,397.25,393.64,396.38,2023-02-24 00:00:00-05:00
80444736,399.87,401.29,396.75,397.73,2023-02-27 00:00:00-05:00
96438567,397.23,399.28,396.15,396.26,2023-02-28 00:00:00-05:00
99706823,395.41,396.69,393.38,394.74,2023-03-01 00:00:00-05:00
85404726,392.68,398.69,392.33,397.81,2023-03-02 00:00:00-05:00
90032260,399.71,404.45,399.03,404.19,2023-03-03 00:00:00-05:00
72795946,405.05,407.45,404.01,404.47,2023-03-06 00:00:00-05:00
108310596,404.42,404.67,397.625,398.27,2023-03-07 00:00:00-05:00
74746632,398.39,399.71,396.59,398.92,2023-03-08 00:00:00-05:00
111945322,399.74,401.48,390.53,391.56,2023-03-09 00:00:00-05:00
189443810,390.99,393.16,384.32,385.91,2023-03-10 00:00:00-05:00
157748594,381.81,390.39,380.65,385.36,2023-03-13 00:00:00-04:00
149752357,390.5,393.45,387.05,391.73,2023-03-14 00:00:00-04:00
172976539,385.89,389.49,383.71,389.28,2023-03-15 00:00:00-04:00
143753940,386.82,396.47,386.29,396.11,2023-03-16 00:00:00-04:00
140069974,393.22,394.4,388.55,389.99,2023-03-17 00:00:00-04:00
93055783,390.8,394.17,390.07,393.74,2023-03-20 00:00:00-04:00
91524248,397.24,399.41,395.58,398.91,2023-03-21 00:00:00-04:00
111746583,398.73,402.49,392.07,392.11,2023-03-22 00:00:00-04:00
119351319,395.09,399.29,390.35,393.17,2023-03-23 00:00:00-04:00
107684280,391.841,395.84,389.4,395.75,2023-03-24 00:00:00-04:00
74010408,398.12,398.92,395.56,396.49,2023-03-27 00:00:00-04:00
62871680,395.77,396.49,393.69,395.6,2023-03-28 00:00:00-04:00
77497876,399.925,401.6,398.68,401.35,2023-03-29 00:00:00-04:00
69840049,404.09,404.35,401.76,403.7,2023-03-30 00:00:00-04:00
111956715,404.66,409.7,404.55,409.39,2023-03-31 00:00:00-04:00
67391097,408.85,411.37,408.44,410.95,2023-04-03 00:00:00-04:00
66601534,411.62,411.92,407.24,408.67,2023-04-04 00:00:00-04:00
65200243,407.91,408.7,405.88,407.6,2023-04-05 00:00:00-04:00
63743345,406.77,409.48,405.678,409.19,2023-04-06 00:00:00-04:00
63681042,406.61,409.69,405.97,409.61,2023-04-10 00:00:00-04:00
59297945,410.26,411.18,408.92,409.72,2023-04-11 00:00:00-04:00
86420379,411.87,412.17,407.44,408.05,2023-04-12 00:00:00-04:00
85814754,409.18,413.84,407.9922,413.47,2023-04-13 00:00:00-04:00
78135828,412.81,415.09,410.06,412.46,2023-04-14 00:00:00-04:00
66424139,412.37,413.96,411.085,413.94,2023-04-17 00:00:00-04:00
63559997,415.58,415.72,412.7802,414.21,2023-04-18 00:00:00-04:00
55227330,412.22,415.08,412.16,414.14,2023-04-19 00:00:00-04:00
75840359,411.21,413.7,410.27,411.88,2023-04-20 00:00:00-04:00
73434638,412.19,412.68,410.17,412.2,2023-04-21 00:00:00-04:00
64332095,411.99,413.07,410.6,412.63,2023-04-24 00:00:00-04:00
97766721,410.58,411.16,406.02,406.08,2023-04-25 00:00:00-04:00
80447049,406.72,407.84,403.78,404.36,2023-04-26 00:00:00-04:00
92968369,407.0,412.69,406.74,412.41,2023-04-27 00:00:00-04:00
89312589,411.49,415.94,411.43,415.93,2023-04-28 00:00:00-04:00
62122254,415.47,417.62,415.265,415.51,2023-05-01 00:00:00-04:00
103998484,414.77,414.82,407.82,410.84,2023-05-02 00:00:00-04:00
91531769,411.36,413.87,407.77,408.02,2023-05-03 00:00:00-04:00
94901863,406.93,407.27,403.74,405.13,2023-05-04 00:00:00-04:00
87832433,408.91,413.72,408.64,412.63,2023-05-05 00:00:00-04:00
50046768,412.97,413.24,411.28,412.74,2023-05-08 00:00:00-04:00
49220119,411.13,412.09,410.6894,410.93,2023-05-09 00:00:00-04:00
96142922,413.88,414.535,408.87,412.85,2023-05-10 00:00:00-04:00
70157064,411.95,412.43,409.97,412.13,2023-05-11 00:00:00-04:00
70441226,413.42,413.64,409.07,411.59,2023-05-12 00:00:00-04:00
54289383,412.22,413.43,410.23,413.01,2023-05-15 00:00:00-04:00
57705495,411.86,412.815,410.24,410.25,2023-05-16 00:00:00-04:00
87286957,412.35,415.855,410.635,415.23,2023-05-17 00:00:00-04:00
97177195,414.9,419.67,414.67,419.23,2023-05-18 00:00:00-04:00
103625186,420.17,420.72,417.35,418.62,2023-05-19 00:00:00-04:00
60745399,418.64,420.39,417.35,418.79,2023-05-22 00:00:00-04:00
86383493,417.08,418.722,413.68,414.09,2023-05-23 00:00:00-04:00
89213678,412.42,412.82,409.8795,411.09,2023-05-24 00:00:00-04:00
90961606,414.74,416.16,412.4101,414.65,2023-05-25 00:00:00-04:00
93687752,415.33,420.77,415.25,420.02,2023-05-26 00:00:00-04:00
72215960,422.03,422.58,418.735,420.18,2023-05-30 00:00:00-04:00
111771940,418.28,419.22,416.22,417.85,2023-05-31 00:00:00-04:00
88865018,418.09,422.92,416.79,421.82,2023-06-01 00:00:00-04:00
91426171,424.5,428.74,423.95,427.92,2023-06-02 00:00:00-04:00
70216018,428.28,429.67,426.37,427.1,2023-06-05 00:00:00-04:00
64022176,426.67,428.5772,425.99,428.03,2023-06-06 00:00:00-04:00
85372762,428.44,429.62,426.11,426.55,2023-06-07 00:00:00-04:00
61952842,426.62,429.6,425.82,429.13,2023-06-08 00:00:00-04:00
85647169,429.96,431.99,428.87,429.9,2023-06-09 00:00:00-04:00
76256703,430.92,433.88,430.17,433.8,2023-06-12 00:00:00-04:00
95898626,435.32,437.33,434.63,436.66,2023-06-13 00:00:00-04:00
100608099,437.01,439.0612,433.59,437.18,2023-06-14 00:00:00-04:00
110301303,436.33,443.9,436.23,442.6,2023-06-15 00:00:00-04:00
114164649,443.02,443.6078,438.97,439.46,2023-06-16 00:00:00-04:00
76160359,437.45,438.37,435.03,437.18,2023-06-20 00:00:00-04:00
76982252,436.16,436.99,434.33,434.94,2023-06-21 00:00:00-04:00
70637175,433.95,436.62,433.6,436.51,2023-06-22 00:00:00-04:00
92075438,432.93,435.06,432.47,433.21,2023-06-23 00:00:00-04:00
72823560,432.62,434.61,431.19,431.44,2023-06-26 00:00:00-04:00
72813700,432.35,436.81,431.88,436.17,2023-06-27 00:00:00-04:00
75635976,435.05,437.44,434.41,436.39,2023-06-28 00:00:00-04:00
67882305,435.96,438.28,435.54,438.11,2023-06-29 00:00:00-04:00
102201286,441.44,444.3,441.11,443.28,2023-06-30 00:00:00-04:00
32501144,442.92,444.08,442.63,443.79,2023-07-03 00:00:00-04:00
58418434,441.91,443.889,441.9,443.13,2023-07-05 00:00:00-04:00
80658303,439.42,440.1,437.06,439.66,2023-07-06 00:00:00-04:00
86134179,438.63,442.64,438.3,438.55,2023-07-07 00:00:00-04:00
62443502,438.18,439.84,437.585,439.66,2023-07-10 00:00:00-04:00
64463753,440.45,442.97,439.44,442.46,2023-07-11 00:00:00-04:00
91924527,446.39,447.4799,444.91,446.02,2023-07-12 00:00:00-04:00
72425242,447.9,450.38,447.45,449.56,2023-07-13 00:00:00-04:00
69815823,450.475,451.36,448.49,449.28,2023-07-14 00:00:00-04:00
52680223,449.13,451.93,449.08,450.84,2023-07-17 00:00:00-04:00
80744449,450.5,454.86,450.0484,454.19,2023-07-18 00:00:00-04:00
65891689,455.01,456.43,454.1119,455.2,2023-07-19 00:00:00-04:00
70591643,454.17,455.1,451.44,452.18,2023-07-20 00:00:00-04:00
71275619,453.96,454.165,452.17,452.18,2023-07-21 00:00:00-04:00
54023384,453.37,455.04,452.298,454.2,2023-07-24 00:00:00-04:00
55191240,453.92,456.735,453.87,455.44,2023-07-25 00:00:00-04:00
71052885,454.47,456.99,453.38,455.51,2023-07-26 00:00:00-04:00
92194375,459.02,459.44,451.55,452.49,2023-07-27 00:00:00-04:00
80011791,455.88,457.78,452.4918,456.92,2023-07-28 00:00:00-04:00
62040450,457.41,458.16,456.045,457.79,2023-07-31 00:00:00-04:00
55502201,456.27,457.25,455.49,456.48,2023-08-01 00:00:00-04:00
93933371,453.25,453.52,449.3499,450.13,2023-08-02 00:00:00-04:00
64928592,448.04,450.79,447.37,448.84,2023-08-03 00:00:00-04:00
101621488,450.72,452.895,446.27,446.81,2023-08-04 00:00:00-04:00
58357466,448.71,450.865,447.99,450.71,2023-08-07 00:00:00-04:00
71361326,448.08,450.6952,445.2705,448.75,2023-08-08 00:00:00-04:00
78789577,449.03,449.1999,444.96,445.75,2023-08-09 00:00:00-04:00
93005596,448.19,451.7,444.7,445.91,2023-08-10 00:00:00-04:00
68690903,443.97,446.7007,443.345,445.65,2023-08-11 00:00:00-04:00
47867443,444.7,448.11,444.38,448.11,2023-08-14 00:00:00-04:00
75707535,446.27,446.64,442.3,442.89,2023-08-15 00:00:00-04:00
80107206,442.46,444.18,439.53,439.64,2023-08-16 00:00:00-04:00
95711317,441.16,441.43,435.75,436.29,2023-08-17 00:00:00-04:00
98851962,433.37,437.57,433.01,436.5,2023-08-18 00:00:00-04:00
68718959,437.55,440.11,435.32,439.34,2023-08-21 00:00:00-04:00
65062863,441.18,441.18,437.57,438.15,2023-08-22 00:00:00-04:00
68441023,439.25,443.67,439.1,443.03,2023-08-23 00:00:00-04:00
88517274,444.69,445.22,436.855,436.89,2023-08-24 00:00:00-04:00
102325105,438.68,441.3,435.0,439.97,2023-08-25 00:00:00-04:00
61595395,442.24,443.4,439.9728,442.76,2023-08-28 00:00:00-04:00
83081918,442.65,449.45,442.46,449.16,2023-08-29 00:00:00-04:00
69053913,449.51,451.67,448.78,451.01,2023-08-30 00:00:00-04:00
66084565,451.65,452.83,450.16,450.35,2023-08-31 00:00:00-04:00
58944100,453.17,453.67,449.68,451.19,2023-09-01 00:00:00-04:00
55166212,450.73,451.06,449.17,449.24,2023-09-05 00:00:00-04:00
70758514,448.4,448.51,443.81,446.22,2023-09-06 00:00:00-04:00
70355427,443.11,445.55,442.75,444.85,2023-09-07 00:00:00-04:00
62068439,444.9,447.11,444.53,445.52,2023-09-08 00:00:00-04:00
60180120,448.24,448.77,446.4699,448.45,2023-09-11 00:00:00-04:00
67565424,446.95,448.53,445.39,445.99,2023-09-12 00:00:00-04:00
60199274,446.22,447.71,445.0793,446.51,2023-09-13 00:00:00-04:00
83430816,449.07,451.08,447.715,450.36,2023-09-14 00:00:00-04:00
111907859,447.14,447.48,442.92,443.37,2023-09-15 00:00:00-04:00
55752214,443.05,444.97,442.56,443.63,2023-09-18 00:00:00-04:00
66514650,442.68,443.29,439.94,442.71,2023-09-19 00:00:00-04:00
82562603,444.01,444.435,438.43,438.64,2023-09-20 00:00:00-04:00
104095828,435.7,435.97,431.23,431.39,2023-09-21 00:00:00-04:00
100829685,432.45,434.1,429.99,430.42,2023-09-22 00:00:00-04:00
70874824,429.17,432.27,428.72,432.23,2023-09-25 00:00:00-04:00
96172890,429.09,429.82,425.02,425.88,2023-09-26 00:00:00-04:00
104707452,427.09,427.67,422.29,426.05,2023-09-27 00:00:00-04:00
92258310,425.48,430.2499,424.87,428.52,2023-09-28 00:00:00-04:00
115111320,431.67,431.85,425.91,427.48,2023-09-29 00:00:00-04:00
83798601,426.62,428.6,424.46,427.31,2023-10-02 00:00:00-04:00
103760609,425.06,427.3729,420.18,421.59,2023-10-03 00:00:00-04:00
87452970,422.07,425.4299,420.56,424.66,2023-10-04 00:00:00-04:00
70142746,424.36,425.37,421.1701,424.5,2023-10-05 00:00:00-04:00
113273311,421.97,431.125,420.6,429.54,2023-10-06 00:00:00-04:00
80374364,427.58,432.88,427.0101,432.29,2023-10-09 00:00:00-04:00
78607270,432.94,437.22,432.53,434.54,2023-10-10 00:00:00-04:00
62451738,435.64,436.58,433.18,436.32,2023-10-11 00:00:00-04:00
81154231,436.95,437.335,431.23,433.66,2023-10-12 00:00:00-04:00
95201134,435.21,436.45,429.88,431.5,2023-10-13 00:00:00-04:00
75433196,433.82,437.14,433.57,436.04,2023-10-16 00:00:00-04:00
75324710,432.81,438.14,432.45,436.02,2023-10-17 00:00:00-04:00
93559799,434.19,435.18,429.09,430.21,2023-10-18 00:00:00-04:00
121322959,430.95,432.82,425.725,426.43,2023-10-19 00:00:00-04:00
123919876,425.98,426.54,421.08,421.19,2023-10-20 00:00:00-04:00
92035097,419.61,424.45,417.8,420.46,2023-10-23 00:00:00-04:00
78564241,422.65,424.82,420.74,423.63,2023-10-24 00:00:00-04:00
94223200,421.89,421.92,417.015,417.55,2023-10-25 00:00:00-04:00
115156763,416.45,417.325,411.6,412.55,2023-10-26 00:00:00-04:00
107367673,414.19,414.6,409.21,410.68,2023-10-27 00:00:00-04:00
86562677,413.56,416.68,412.22,415.59,2023-10-30 00:00:00-04:00
79665152,416.18,418.53,414.21,418.2,2023-10-31 00:00:00-04:00
98068117,419.2,423.5,418.6499,422.66,2023-11-01 00:00:00-04:00
94938911,426.58,430.915,426.56,430.76,2023-11-02 00:00:00-04:00
100167777,433.14,436.29,433.01,434.69,2023-11-03 00:00:00-04:00
67831662,435.47,436.1498,433.68,435.69,2023-11-06 00:00:00-05:00
64256116,435.69,437.585,434.51,436.93,2023-11-07 00:00:00-05:00
61746029,437.55,438.09,434.87,437.25,2023-11-08 00:00:00-05:00
83174419,438.43,438.47,433.4,433.84,2023-11-09 00:00:00-05:00
89558056,435.98,440.93,433.8335,440.61,2023-11-10 00:00:00-05:00
52236070,439.23,441.33,438.42,440.19,2023-11-13 00:00:00-05:00
97176937,446.32,450.06,446.09,448.73,2023-11-14 00:00:00-05:00
77327573,450.11,451.38,448.8,449.68,2023-11-15 00:00:00-05:00
66665799,449.22,450.56,448.12,450.23,2023-11-16 00:00:00-05:00
83193904,450.24,451.42,449.29,450.79,2023-11-17 00:00:00-05:00
70055635,450.53,455.125,450.52,454.26,2023-11-20 00:00:00-05:00
49244640,453.1842,454.131,451.9599,453.27,2023-11-21 00:00:00-05:00
59446575,454.98,456.38,453.8895,455.02,2023-11-22 00:00:00-05:00
29737377,455.07,455.5,454.73,455.3,2023-11-24 00:00:00-05:00
50505987,454.65,455.4901,454.0799,454.48,2023-11-27 00:00:00-05:00
62115013,454.08,456.27,453.5,454.93,2023-11-28 00:00:00-05:00
63145994,457.15,458.32,454.2,454.61,2023-11-29 00:00:00-05:00
79752702,455.48,456.76,453.34,456.4,2023-11-30 00:00:00-05:00
89183402,455.77,459.65,455.16,459.1,2023-12-01 00:00:00-05:00
72431488,455.6,459.1206,454.34,456.69,2023-12-04 00:00:00-05:00
69793569,455.26,457.59,454.87,456.6,2023-12-05 00:00:00-05:00
69124885,458.81,458.84,454.31,454.76,2023-12-06 00:00:00-05:00
67002346,456.91,458.9,456.29,458.23,2023-12-07 00:00:00-05:00
83194404,457.46,460.745,457.21,460.2,2023-12-08 00:00:00-05:00
65803711,459.69,462.17,459.47,461.99,2023-12-11 00:00:00-05:00
68329617,461.63,464.2,460.6,464.1,2023-12-12 00:00:00-05:00
93277960,464.49,470.7599,464.12,470.5,2023-12-13 00:00:00-05:00
119028953,472.5,473.73,469.25,472.01,2023-12-14 00:00:00-05:00
141554383,469.49,470.7,467.4263,469.33,2023-12-15 00:00:00-05:00
70375385,470.98,472.98,469.8929,471.97,2023-12-18 00:00:00-05:00
55762005,472.53,474.92,472.45,474.84,2023-12-19 00:00:00-05:00
102920959,473.96,475.895,467.82,468.26,2023-12-20 00:00:00-05:00
86679796,471.33,472.975,468.84,472.7,2023-12-21 00:00:00-05:00
67160419,473.86,475.38,471.7,473.65,2023-12-22 00:00:00-05:00
55386952,474.07,476.58,473.99,475.65,2023-12-26 00:00:00-05:00
68000811,475.44,476.66,474.89,476.51,2023-12-27 00:00:00-05:00
77158117,476.88,477.55,476.26,476.69,2023-12-28 00:00:00-05:00
122288349,476.49,477.03,473.3,475.31,2023-12-29 00:00:00-05:00
123007793,472.16,473.67,470.49,472.65,2024-01-02 00:00:00-05:00
103595966,470.43,471.19,468.17,468.79,2024-01-03 00:00:00-05:00
84232169,468.3,470.96,467.05,467.28,2024-01-04 00:00:00-05:00
86118913,467.49,470.44,466.43,467.92,2024-01-05 00:00:00-05:00
74879074,468.43,474.75,468.3,474.6,2024-01-08 00:00:00-05:00
65931439,471.87,474.93,471.35,473.88,2024-01-09 00:00:00-05:00
67310640,474.16,477.4481,473.87,476.56,2024-01-10 00:00:00-05:00
77940823,477.59,478.12,472.26,476.35,2024-01-11 00:00:00-05:00
58026520,477.84,478.6,475.23,476.68,2024-01-12 00:00:00-05:00
85015070,475.26,476.6098,473.06,474.93,2024-01-16 00:00:00-05:00
68843871,471.82,472.79,469.87,472.29,2024-01-17 00:00:00-05:00
91856348,474.01,477.06,472.42,476.49,2024-01-18 00:00:00-05:00
110834483,477.65,482.72,476.5374,482.43,2024-01-19 00:00:00-05:00
76044931,484.01,485.22,482.78,483.45,2024-01-22 00:00:00-05:00
49945297,484.01,485.105,482.89,484.86,2024-01-23 00:00:00-05:00
81765039,487.81,488.77,484.8819,485.39,2024-01-24 00:00:00-05:00
72524989,487.575,488.305,485.39,488.03,2024-01-25 00:00:00-05:00
76641609,487.59,489.12,486.54,487.41,2024-01-26 00:00:00-05:00
61322751,487.73,491.415,487.17,491.27,2024-01-29 00:00:00-05:00
58618386,490.56,491.62,490.11,490.89,2024-01-30 00:00:00-05:00
126011062,488.62,489.0813,482.86,482.88,2024-01-31 00:00:00-05:00
91891637,484.63,489.23,483.8,489.2,2024-02-01 00:00:00-05:00
99228192,489.65,496.05,489.3,494.35,2024-02-02 00:00:00-05:00
75685102,493.695,494.3778,490.23,492.55,2024-02-05 00:00:00-05:00
55918602,493.52,494.32,492.05,493.98,2024-02-06 00:00:00-05:00
70556506,496.29,498.53,495.36,498.1,2024-02-07 00:00:00-05:00
52343636,498.1,498.71,497.26,498.32,2024-02-08 00:00:00-05:00
63979375,498.84,501.65,498.49,501.2,2024-02-09 00:00:00-05:00
56502283,501.17,503.5,500.24,500.98,2024-02-12 00:00:00-05:00
113099199,494.53,497.09,490.715,494.08,2024-02-13 00:00:00-05:00
68387827,496.79,499.07,494.4,498.57,2024-02-14 00:00:00-05:00
61682960,499.29,502.2,498.795,502.01,2024-02-15 00:00:00-05:00
75532928,501.7,502.87,498.75,499.51,2024-02-16 00:00:00-05:00
71736740,497.72,498.41,494.45,496.76,2024-02-20 00:00:00-05:00
59603771,495.42,497.37,493.56,497.21,2024-02-21 00:00:00-05:00
76402535,504.01,508.49,503.02,507.5,2024-02-22 00:00:00-05:00
61321818,509.27,510.13,507.1,507.85,2024-02-23 00:00:00-05:00
50386738,508.3,508.75,505.86,505.99,2024-02-26 00:00:00-05:00
48831828,506.7,507.16,504.75,506.93,2024-02-27 00:00:00-05:00
56506634,505.33,506.855,504.96,506.26,2024-02-28 00:00:00-05:00
83924795,508.07,509.74,505.35,508.08,2024-02-29 00:00:00-05:00
76844844,508.98,513.29,508.56,512.85,2024-03-01 00:00:00-05:00
49799257,512.03,514.2,512.0,512.3,2024-03-04 00:00:00-05:00
73320623,510.24,510.7,504.91,507.18,2024-03-05 00:00:00-05:00
68392367,510.55,512.069,508.42,509.75,2024-03-06 00:00:00-05:00
58652085,513.14,515.89,509.8053,514.81,2024-03-07 00:00:00-05:00
86532535,515.46,518.2201,511.13,511.72,2024-03-08 00:00:00-05:00
62557183,510.48,511.88,508.5,511.28,2024-03-11 00:00:00-04:00
73694439,513.45,517.38,510.86,516.78,2024-03-12 00:00:00-04:00
55104088,517.11,517.29,514.49,515.97,2024-03-13 00:00:00-04:00
110171820,516.97,517.125,511.82,514.95,2024-03-14 00:00:00-04:00
107646297,510.21,511.7,508.122,509.83,2024-03-15 00:00:00-04:00
88893331,514.0,515.48,512.44,512.86,2024-03-18 00:00:00-04:00
60755263,512.15,515.995,511.12,515.71,2024-03-19 00:00:00-04:00
69594574,515.77,520.62,515.08,520.48,2024-03-20 00:00:00-04:00
60256112,523.39,524.11,521.91,522.2,2024-03-21 00:00:00-04:00
79070842,522.11,522.605,520.97,521.21,2024-03-22 00:00:00-04:00
48512108,519.8,520.95,519.61,519.77,2024-03-25 00:00:00-04:00
65463744,521.23,521.58,518.4,518.81,2024-03-26 00:00:00-04:00
82999777,521.71,523.21,519.485,523.17,2024-03-27 00:00:00-04:00
96294886,523.21,524.61,522.78,523.07,2024-03-28 00:00:00-04:00
62477540,523.83,524.38,520.97,522.16,2024-04-01 00:00:00-04:00
74230308,518.24,518.98,516.48,518.84,2024-04-02 00:00:00-04:00
59155759,517.72,520.95,517.665,519.41,2024-04-03 00:00:00-04:00
96908074,523.52,523.8674,512.755,513.07,2024-04-04 00:00:00-04:00
74546483,514.46,520.44,514.01,518.43,2024-04-05 00:00:00-04:00
48401702,519.15,520.18,517.89,518.72,2024-04-08 00:00:00-04:00
68124385,520.5,520.75,514.35,519.32,2024-04-09 00:00:00-04:00
82652806,513.48,516.16,512.09,514.12,2024-04-10 00:00:00-04:00
70099007,515.68,519.48,512.08,518.0,2024-04-11 00:00:00-04:00
92486785,514.37,515.815,509.08,510.85,2024-04-12 00:00:00-04:00
92101447,515.13,515.3,503.58,504.45,2024-04-15 00:00:00-04:00
73484020,504.94,506.5,502.21,503.53,2024-04-16 00:00:00-04:00
75910305,506.05,506.22,499.12,500.55,2024-04-17 00:00:00-04:00
74548085,501.98,504.13,498.56,499.52,2024-04-18 00:00:00-04:00
102212587,499.44,500.455,493.86,495.16,2024-04-19 00:00:00-04:00
67962998,497.83,502.38,495.43,499.72,2024-04-22 00:00:00-04:00
64633620,501.78,506.09,499.5328,505.65,2024-04-23 00:00:00-04:00
55928076,506.56,507.37,503.13,505.41,2024-04-24 00:00:00-04:00
69122368,499.18,504.27,497.49,503.49,2024-04-25 00:00:00-04:00
64306118,506.35,509.88,505.7,508.26,2024-04-26 00:00:00-04:00
46415449,510.09,510.75,507.25,510.06,2024-04-29 00:00:00-04:00
77483566,508.56,509.56,501.98,501.98,2024-04-30 00:00:00-04:00
80242839,501.38,508.19,499.865,500.35,2024-05-01 00:00:00-04:00
62685179,504.15,505.89,499.55,505.03,2024-05-02 00:00:00-04:00
72838709,511.16,512.55,508.56,511.29,2024-05-03 00:00:00-04:00
47264703,513.75,516.61,513.3,516.57,2024-05-06 00:00:00-04:00
52561299,517.56,518.57,516.45,517.14,2024-05-07 00:00:00-04:00
42047214,515.26,517.74,515.14,517.19,2024-05-08 00:00:00-04:00
43643668,517.38,520.2074,516.705,520.17,2024-05-09 00:00:00-04:00
52233171,521.81,522.635,519.59,520.84,2024-05-10 00:00:00-04:00
36716361,522.56,522.67,519.74,520.91,2024-05-13 00:00:00-04:00
57535867,521.11,523.83,520.56,523.3,2024-05-14 00:00:00-04:00
59504897,525.83,530.08,525.18,529.78,2024-05-15 00:00:00-04:00
50244827,529.88,531.5218,528.54,528.69,2024-05-16 00:00:00-04:00
59187585,528.81,529.52,527.32,529.45,2024-05-17 00:00:00-04:00
37764206,529.57,531.5601,529.17,530.06,2024-05-20 00:00:00-04:00
33437001,529.28,531.52,529.07,531.36,2024-05-21 00:00:00-04:00
48389968,530.65,531.38,527.6,529.83,2024-05-22 00:00:00-04:00
57211197,532.96,533.07,524.72,525.96,2024-05-23 00:00:00-04:00
41331076,527.85,530.27,526.881,529.44,2024-05-24 00:00:00-04:00
36269602,530.27,530.51,527.11,529.81,2024-05-28 00:00:00-04:00
45190323,525.68,527.31,525.37,526.1,2024-05-29 00:00:00-04:00
46468510,524.52,525.2,521.33,522.61,2024-05-30 00:00:00-04:00
90785855,523.59,527.5,518.36,527.37,2024-05-31 00:00:00-04:00
46835702,529.02,529.31,522.6,527.8,2024-06-03 00:00:00-04:00
34632661,526.46,529.15,524.96,528.39,2024-06-04 00:00:00-04:00
47610365,530.77,534.69,528.7254,534.67,2024-06-05 00:00:00-04:00
30808530,534.98,535.42,532.68,534.66,2024-06-06 00:00:00-04:00
43224525,533.66,536.89,532.535,534.01,2024-06-07 00:00:00-04:00
35729252,533.18,535.99,532.57,535.66,2024-06-10 00:00:00-04:00
36383411,534.07,537.01,532.05,536.95,2024-06-11 00:00:00-04:00
63251305,541.63,544.12,540.3,541.36,2024-06-12 00:00:00-04:00
44760949,543.15,543.325,539.59,542.45,2024-06-13 00:00:00-04:00
40089895,540.88,542.81,539.85,542.78,2024-06-14 00:00:00-04:00
55839457,542.08,548.53,541.6072,547.1,2024-06-17 00:00:00-04:00
41376417,547.16,548.62,546.73,548.49,2024-06-18 00:00:00-04:00
70328226,549.44,550.12,545.18,547.0,2024-06-20 00:00:00-04:00
64513859,544.4,545.65,543.02,544.51,2024-06-21 00:00:00-04:00
45528654,544.33,546.95,542.62,542.74,2024-06-24 00:00:00-04:00
38273346,543.99,545.2,542.44,544.83,2024-06-25 00:00:00-04:00
38550637,543.69,546.24,543.03,545.51,2024-06-26 00:00:00-04:00
35041480,545.37,546.96,544.61,546.37,2024-06-27 00:00:00-04:00
75925045,547.16,550.28,542.95,544.22,2024-06-28 00:00:00-04:00
40297810,545.63,545.88,542.52,545.34,2024-07-01 00:00:00-04:00
40434792,543.7,549.01,543.65,549.01,2024-07-02 00:00:00-04:00
32789911,548.69,551.83,548.65,551.46,2024-07-03 00:00:00-04:00
41488389,551.77,555.05,551.12,554.64,2024-07-05 00:00:00-04:00
36110451,555.44,556.2501,554.19,555.28,2024-07-08 00:00:00-04:00
27314125,556.26,557.18,555.52,555.82,2024-07-09 00:00:00-04:00
38701220,557.07,561.67,556.77,561.32,2024-07-10 00:00:00-04:00
53054184,561.44,562.33,555.83,556.48,2024-07-11 00:00:00-04:00
53084405,557.63,563.67,557.15,559.99,2024-07-12 00:00:00-04:00
40584293,562.03,564.8371,559.63,561.53,2024-07-15 00:00:00-04:00
36475260,562.865,565.16,562.1,564.86,2024-07-16 00:00:00-04:00
57118956,558.8,560.51,556.61,556.94,2024-07-17 00:00:00-04:00
56270392,558.51,559.52,550.43,552.66,2024-07-18 00:00:00-04:00
65509081,552.42,554.08,547.91,548.99,2024-07-19 00:00:00-04:00
43346720,553.0,555.27,551.02,554.65,2024-07-22 00:00:00-04:00
34439561,554.54,556.735,553.275,553.78,2024-07-23 00:00:00-04:00
74515266,548.86,549.17,540.29,541.23,2024-07-24 00:00:00-04:00
61158288,541.35,547.455,537.45,538.41,2024-07-25 00:00:00-04:00
53763788,542.28,547.19,541.49,544.44,2024-07-26 00:00:00-04:00
39515824,546.02,547.05,542.72,544.76,2024-07-29 00:00:00-04:00
46853632,546.26,547.34,538.515,542.0,2024-07-30 00:00:00-04:00
65663388,548.98,553.5,547.5799,550.81,2024-07-31 00:00:00-04:00
76428732,552.57,554.8688,539.43,543.01,2024-08-01 00:00:00-04:00
82789070,535.75,536.99,528.6,532.9,2024-08-02 00:00:00-04:00
146267391,511.64,523.58,510.27,517.38,2024-08-05 00:00:00-04:00
84826312,519.22,529.75,517.87,522.15,2024-08-06 00:00:00-04:00
70698340,528.47,531.59,518.0519,518.66,2024-08-07 00:00:00-04:00
63276589,523.91,531.29,521.84,530.65,2024-08-08 00:00:00-04:00
45619558,529.81,534.51,528.56,532.99,2024-08-09 00:00:00-04:00
42542069,534.21,535.73,530.95,533.27,2024-08-12 00:00:00-04:00
52333073,536.53,542.28,536.28,542.04,2024-08-13 00:00:00-04:00
42446929,542.85,544.96,540.12,543.75,2024-08-14 00:00:00-04:00
60846812,549.5,553.36,548.88,553.07,2024-08-15 00:00:00-04:00
44430728,551.42,555.02,551.26,554.31,2024-08-16 00:00:00-04:00
39121793,554.73,559.61,553.86,559.61,2024-08-19 00:00:00-04:00
33732264,559.15,560.84,557.325,558.7,2024-08-20 00:00:00-04:00
41514600,559.77,562.11,554.73,560.62,2024-08-21 00:00:00-04:00
56121456,562.56,563.18,554.98,556.22,2024-08-22 00:00:00-04:00
50639393,559.53,563.09,557.29,562.13,2024-08-23 00:00:00-04:00
35788609,563.18,563.91,559.05,560.79,2024-08-26 00:00:00-04:00
32693898,559.49,562.06,558.32,561.56,2024-08-27 00:00:00-04:00
41066024,561.21,561.65,555.04,558.3,2024-08-28 00:00:00-04:00
38715176,560.31,563.68,557.18,558.35,2024-08-29 00:00:00-04:00
62700110,560.77,564.2,557.14,563.68,2024-08-30 00:00:00-04:00
60600113,560.47,560.81,549.51,552.08,2024-09-03 00:00:00-04:00
47224939,550.2,554.43,549.46,550.95,2024-09-04 00:00:00-04:00
44264258,550.89,553.7995,547.1,549.61,2024-09-05 00:00:00-04:00
68493805,549.94,551.6,539.44,540.36,2024-09-06 00:00:00-04:00
40445822,544.65,547.71,542.68,546.41,2024-09-09 00:00:00-04:00
36394579,548.36,549.15,543.38,548.79,2024-09-10 00:00:00-04:00
75248608,548.7,555.36,539.96,554.42,2024-09-11 00:00:00-04:00
51892735,555.01,559.4,552.74,559.09,2024-09-12 00:00:00-04:00
39310501,559.71,563.03,559.45,562.01,2024-09-13 00:00:00-04:00
36656122,561.74,563.11,559.9,562.84,2024-09-16 00:00:00-04:00
49320970,565.1,566.58,560.795,563.07,2024-09-17 00:00:00-04:00
59044937,563.74,568.69,560.83,561.4,2024-09-18 00:00:00-04:00
75315470,571.01,572.88,568.08,570.98,2024-09-19 00:00:00-04:00
77503110,567.84,569.31,565.17,568.25,2024-09-20 00:00:00-04:00
44116922,569.34,570.3325,568.1,569.67,2024-09-23 00:00:00-04:00
46805672,570.48,571.36,567.6,571.3,2024-09-24 00:00:00-04:00
38428587,571.14,571.89,568.91,570.04,2024-09-25 00:00:00-04:00
48336004,574.38,574.71,569.9,572.3,2024-09-26 00:00:00-04:00
42100928,573.39,574.22,570.42,571.47,2024-09-27 00:00:00-04:00
63655448,570.42,574.38,568.08,573.76,2024-09-30 00:00:00-04:00
72668778,573.4,574.0622,566.0,568.62,2024-10-01 00:00:00-04:00
38097798,567.71,569.9,565.27,568.86,2024-10-02 00:00:00-04:00
40846466,567.36,569.8025,565.49,567.82,2024-10-03 00:00:00-04:00
43005186,572.35,573.36,568.1,572.98,2024-10-04 00:00:00-04:00
49964690,571.3,571.9599,566.63,567.8,2024-10-07 00:00:00-04:00
37398693,570.42,573.78,569.5299,573.17,2024-10-08 00:00:00-04:00
37912244,573.16,577.71,572.55,577.14,2024-10-09 00:00:00-04:00
44138060,575.77,577.58,574.49,576.13,2024-10-10 00:00:00-04:00
42267994,576.05,580.33,575.91,579.58,2024-10-11 00:00:00-04:00
36217215,581.22,585.27,580.73,584.32,2024-10-14 00:00:00-04:00
54203636,584.59,584.9,578.545,579.78,2024-10-15 00:00:00-04:00
30725436,579.78,582.83,578.96,582.3,2024-10-16 00:00:00-04:00
34393714,585.91,586.12,582.16,582.35,2024-10-17 00:00:00-04:00
37416801,584.07,585.39,582.58,584.59,2024-10-18 00:00:00-04:00
36439010,583.85,584.85,580.6001,583.63,2024-10-21 00:00:00-04:00
34183835,581.05,584.5,580.38,583.32,2024-10-22 00:00:00-04:00
49314574,581.26,581.7086,574.415,577.99,2024-10-23 00:00:00-04:00
34979860,579.98,580.06,576.57,579.24,2024-10-24 00:00:00-04:00
47268176,581.51,584.46,578.08,579.04,2024-10-25 00:00:00-04:00
30174704,582.58,582.71,580.52,580.83,2024-10-28 00:00:00-04:00
42899661,579.85,582.907,578.43,581.77,2024-10-29 00:00:00-04:00
41435839,581.29,583.32,579.29,580.01,2024-10-30 00:00:00-04:00
60182451,575.56,575.63,568.44,568.64,2024-10-31 00:00:00-04:00
45667533,571.32,575.55,570.62,571.04,2024-11-01 00:00:00-04:00
38216975,571.18,572.5,567.89,569.81,2024-11-04 00:00:00-05:00
39478322,570.74,576.74,570.52,576.7,2024-11-05 00:00:00-05:00
68181968,589.2,591.93,585.39,591.04,2024-11-06 00:00:00-05:00
47233212,593.08,596.65,592.9999,595.61,2024-11-07 00:00:00-05:00
46444893,596.17,599.64,596.165,598.19,2024-11-08 00:00:00-05:00
37586773,599.81,600.17,597.0,598.76,2024-11-11 00:00:00-05:00
43006128,598.68,599.29,594.37,596.9,2024-11-12 00:00:00-05:00
47388640,597.37,599.23,594.96,597.19,2024-11-13 00:00:00-05:00
38904109,597.32,597.81,592.65,593.35,2024-11-14 00:00:00-05:00
75988766,589.72,590.2,583.86,585.75,2024-11-15 00:00:00-05:00
37084081,586.22,589.49,585.34,588.15,2024-11-18 00:00:00-05:00
49422046,584.71,591.045,584.03,590.3,2024-11-19 00:00:00-05:00
49893334,590.38,590.79,584.63,590.5,2024-11-20 00:00:00-05:00
46750285,593.4,595.12,587.45,593.67,2024-11-21 00:00:00-05:00
38226390,593.66,596.15,593.1525,595.51,2024-11-22 00:00:00-05:00
42441393,599.52,600.86,595.2,597.53,2024-11-25 00:00:00-05:00
45621288,598.8,601.33,598.07,600.65,2024-11-26 00:00:00-05:00
34000163,600.46,600.85,597.28,598.83,2024-11-27 00:00:00-05:00
30177351,599.66,603.35,599.3805,602.55,2024-11-29 00:00:00-05:00
31745989,602.97,604.32,602.47,603.63,2024-12-02 00:00:00-05:00
26906629,603.39,604.16,602.341,603.91,2024-12-03 00:00:00-05:00
42787561,605.63,607.91,604.95,607.66,2024-12-04 00:00:00-05:00
28762183,607.66,608.48,606.305,606.66,2024-12-05 00:00:00-05:00
31241549,607.44,609.07,607.02,607.81,2024-12-06 00:00:00-05:00
34742738,607.69,607.86,604.08,604.68,2024-12-09 00:00:00-05:00
37234515,605.37,605.8,602.13,602.8,2024-12-10 00:00:00-05:00
28677723,605.78,608.435,605.5,607.46,2024-12-11 00:00:00-05:00
31543812,606.58,607.16,604.33,604.33,2024-12-12 00:00:00-05:00
35904730,606.4,607.13,602.81,604.21,2024-12-13 00:00:00-05:00
43695179,606.0,607.7795,605.21,606.79,2024-12-16 00:00:00-05:00
55773545,604.19,605.17,602.885,604.29,2024-12-17 00:00:00-05:00
108248729,603.98,606.405,585.89,586.28,2024-12-18 00:00:00-05:00
85919452,591.36,593.0,585.85,586.1,2024-12-19 00:00:00-05:00
125716674,581.77,595.75,580.91,591.15,2024-12-20 00:00:00-05:00
57635828,590.89,595.3,587.661,594.69,2024-12-23 00:00:00-05:00
33160097,596.06,601.34,595.47,601.3,2024-12-24 00:00:00-05:00
41338891,599.5,602.48,598.0825,601.34,2024-12-26 00:00:00-05:00
64969310,597.54,597.7761,590.7647,595.01,2024-12-27 00:00:00-05:00
56578757,587.89,591.74,584.41,588.22,2024-12-30 00:00:00-05:00
